mes,msci_world,msci_em,msci_world_small,ftse_wgbi_hedged_eur,bbg_global_agg_fas_hedged_eur,euro_overnight,ftse_global_core_infra,gold_eur
2006-09,2425.339,199.4832,161.9787,617.4205,,102.0366,,472.5006
2006-10,2507.226,207.3864,168.6011,619.1415,,102.3152,7938.699,461.3891
2006-11,2470.548,214.5297,167.8045,622.7217,,102.6183,8032.933,475.6267
2006-12,2526.519,225.363,171.0311,618.4513,,102.9195,8286.745,478.2013
2007-01,2598.971,226.2784,177.0357,617.0514,,103.2259,8414.11,487.2363
2007-02,2535.151,221.2743,174.936,623.4452,,103.5128,8401.449,503.1754
2007-03,2560.817,228.2906,177.8217,622.1289,,103.8529,8668.601,491.7371
2007-04,2617.35,233.2343,179.7288,622.9374,,104.1844,8825.948,499.352
2007-05,2721.088,248.0273,186.409,617.5581,,104.5365,9155.171,495.6958
2007-06,2689.703,258.7117,184.2503,614.754,,104.8697,8871.009,485.3687
2007-07,2591.375,268.721,175.4914,623.1215,,105.2253,8449.907,485.3691
2007-08,2589.788,264.0906,170.513,630.6416,,105.6157,8600.084,485.5245
2007-09,2622.253,281.1114,168.2248,631.6775,,105.9533,8734.715,502.6113
2007-10,2652.545,307.1482,173.1702,636.249,,106.3141,9100.066,522.326
2007-11,2490.001,281.2676,156.6594,644.741,,106.6959,9022.736,546.2013
2007-12,2464.555,283.3789,154.2164,645.2877,,107.0429,9012.976,545.6171
2008-01,2253.408,244.9076,140.5629,656.9249,,107.4247,8276.76,598.2485
2008-02,2196.494,256.4886,138.9187,661.5627,,107.774,8081.715,608.095
2008-03,2086.701,232.7285,131.9074,662.6808,,108.1291,7706.306,612.4679
2008-04,2234.817,256.0839,139.6236,655.6368,,108.5262,8134.126,585.3955
2008-05,2273.576,261.3131,144.9491,648.9311,,108.8782,8440.748,573.0349
2008-06,2058.265,232.0358,131.0771,649.5222,,109.2296,7982.298,564.2528
2008-07,2027.652,225.473,129.984,658.145,,109.6504,7753.926,601.9933
2008-08,2118.022,219.8643,137.6186,667.0704,,110.0308,7935.145,569.4096
2008-09,1922.472,190.1168,122.9295,669.935,,110.4251,7186.39,580.2502
2008-10,1746.777,152.9611,106.6262,673.061,,110.8166,6912.743,632.2957
2008-11,1637.561,141.3519,97.78502,694.366,,111.0894,6799.231,597.8333
2008-12,1545.585,139.0964,94.81426,709.5148,,111.3473,6515.123,586.3994
2009-01,1531.329,141.1348,95.08739,698.0032,,111.5116,6628.697,670.0144
2009-02,1393.282,134.3737,86.32948,700.5508,,111.6203,5935.933,745.9368
2009-03,1423.588,147.011,88.76766,707.9935,,111.7167,5668.457,694.5241
2009-04,1587.221,171.8116,103.6987,705.1229,,111.8077,5995.756,670.5838
2009-05,1629.98,188.3275,106.1406,699.0817,,111.8754,6093.602,658.7067
2009-06,1618.494,187.4861,107.0596,704.7062,,111.9469,6118.377,669.0749
2009-07,1755.079,206.3471,116.4337,709.5277,,111.9836,6387.016,660.7924
2009-08,1810.326,203.1297,122.3753,715.3002,,112.0149,6571.459,665.2011
2009-09,1834.787,217.5282,126.2972,718.9165,,112.0477,6623.0,680.592
2009-10,1783.027,215.7675,120.0358,718.0936,,112.0848,6274.53,704.8372
2009-11,1828.338,221.1538,121.0491,724.7514,,112.1169,6469.256,750.2068
2009-12,1940.882,240.5587,132.0096,717.1619,,112.1541,6981.483,787.6744
2010-01,1919.284,234.4633,132.8913,721.5776,,112.1838,6836.742,800.4887
2010-02,2003.138,239.6419,139.941,725.4443,,112.2131,6947.516,807.231
2010-03,2141.554,261.2092,151.7561,725.1734,,112.2503,7209.949,825.9789
2010-04,2168.236,269.0363,159.5456,727.9311,,112.281,7215.082,862.7018
2010-05,2121.122,265.8896,156.0283,737.5001,,112.3118,7161.557,979.4704
2010-06,2054.406,264.3984,149.1916,743.0125,,112.3435,7141.895,1004.743
2010-07,2091.913,269.2901,151.4346,747.1865,,112.392,7279.606,915.6938
2010-08,2069.08,270.6776,148.4306,761.9806,,112.4319,7460.057,958.8403
2010-09,2101.577,279.9943,153.7771,759.0582,,112.4746,7223.682,931.2553
2010-10,2147.035,283.0041,157.4446,756.0092,,112.539,7411.557,968.4808
2010-11,2239.51,294.1916,168.7029,745.0946,,112.5964,7446.184,1053.921
2010-12,2338.678,305.8343,179.5106,742.1756,,112.6474,7605.122,1040.677
2011-01,2333.873,291.1454,176.7623,738.6532,,112.7044,7644.804,990.6515
2011-02,2390.794,286.3003,182.0298,738.7084,,112.771,7761.544,992.2835
2011-03,2305.066,295.0372,179.3405,737.7932,,112.8385,7372.701,1002.33
2011-04,2297.395,290.9646,177.9563,742.8656,,112.9273,7381.925,991.7938
2011-05,2324.022,292.3988,180.0514,751.4756,,113.0276,7440.126,1050.009
2011-06,2276.496,285.4681,175.3013,750.8905,,113.1359,7396.192,1057.676
2011-07,2265.47,286.7416,173.5386,758.3692,,113.2316,7288.204,1102.952
2011-08,2078.162,260.6094,157.1225,773.0049,,113.3201,6967.62,1215.091
2011-09,2031.828,238.8907,149.2668,782.5189,,113.4189,7214.342,1312.192
2011-10,2162.249,260.2342,160.9778,776.8393,,113.5084,7276.447,1189.354
2011-11,2201.11,251.6687,163.9335,774.6927,,113.5833,7539.028,1296.003
2011-12,2281.327,257.8289,168.5803,788.4427,,113.6472,7848.311,1276.996
2012-01,2352.717,284.6832,178.0472,793.5177,,113.6841,7626.495,1256.921
2012-02,2418.633,295.2733,182.4459,794.8787,,113.7175,7683.033,1296.302
2012-03,2465.685,286.7032,185.3759,792.6462,,113.7536,7778.836,1253.199
2012-04,2463.881,285.0211,186.0322,797.2991,,113.7864,7832.747,1248.725
2012-05,2398.388,270.8837,180.5112,808.714,,113.8206,7909.918,1278.323
2012-06,2483.16,274.1114,184.2438,805.3972,,113.8507,8224.43,1268.227
2012-07,2577.734,287.9677,188.5591,813.6435,,113.8688,8430.072,1297.549
2012-08,2574.55,280.417,189.6979,814.2044,,113.8802,8200.288,1289.378
2012-09,2580.019,291.3287,191.4903,816.5279,,113.889,8160.286,1349.149
2012-10,2550.159,287.4819,189.4574,817.2092,,113.898,8183.158,1344.579
2012-11,2584.206,290.0572,191.4154,822.8699,,113.9059,7974.212,1325.378
2012-12,2591.3,300.1324,194.3338,822.4562,,113.9124,7972.79,1279.771
2013-01,2651.75,295.5283,200.259,818.523,,113.9194,7974.637,1233.177
2013-02,2741.301,302.987,208.37,823.2758,,113.9254,8205.495,1239.689
2013-03,2876.498,303.1597,220.9918,829.2294,,113.9316,8730.098,1243.938
2013-04,2906.478,297.4982,219.1294,837.3306,,113.9392,9078.562,1136.08
2013-05,2922.33,294.8759,222.4927,824.728,,113.9472,8550.966,1086.806
2013-06,2834.197,275.2865,216.4595,816.5651,,113.9544,8394.112,1026.271
2013-07,2939.582,272.2973,227.0049,819.0875,,113.9637,8620.577,969.2836
2013-08,2885.708,269.4972,223.3079,816.8399,,113.9726,8296.299,1017.828
2013-09,2969.452,279.5908,233.9652,822.2254,,113.9796,8479.251,998.7394
2013-10,3054.923,291.9128,238.764,829.1279,,113.989,8649.403,964.8741
2013-11,3116.066,287.2111,243.6279,828.8326,,113.9981,8526.367,937.3458
2013-12,3140.47,279.69,246.1236,823.1431,,114.0133,8513.079,888.5525
2014-01,3085.682,267.2299,246.4553,836.2527,,114.0331,8679.729,920.9792
2014-02,3170.486,269.5656,253.8348,839.3279,,114.047,8888.635,941.8483
2014-03,3180.832,278.4246,253.1455,840.6838,,114.0627,9139.331,969.019
2014-04,3199.04,277.6827,247.8036,845.7681,,114.0906,9327.89,937.9061
2014-05,3320.235,292.0087,255.0445,852.5797,,114.113,9634.693,946.2225
2014-06,3367.011,298.7598,264.0416,856.0256,,114.12,9985.516,936.5172
2014-07,3382.37,311.6265,258.68,859.5251,,114.1248,9810.488,979.8695
2014-08,3506.967,323.6809,270.5042,870.9441,,114.1266,10219.3,982.7021
2014-09,3575.825,312.488,267.6087,869.1964,,114.1268,10374.96,984.5174
2014-10,3615.912,318.7844,273.4326,874.6882,,114.1266,10734.21,976.1172
2014-11,3700.492,316.9938,275.5331,884.648,,114.1254,10771.26,942.3216
2014-12,3743.379,311.531,284.8736,892.4886,,114.1217,11068.65,990.2722
2015-01,3947.356,336.0608,300.4131,911.3038,,114.1163,11860.82,1107.338
2015-02,4202.791,348.5666,320.7714,904.3824,,114.113,11608.67,1091.804
2015-03,4321.955,358.8547,335.7663,911.4818,,114.1081,11914.37,1095.482
2015-04,4243.464,370.4019,325.1083,904.3935,,114.1021,11716.88,1068.132
2015-05,4353.18,363.4172,337.1632,898.2012,,114.0928,11916.26,1093.029
2015-06,4168.736,348.3078,327.5476,886.2829,,114.0815,11102.89,1055.952
2015-07,4329.466,326.9068,332.7191,897.4515,,114.0692,11646.46,1030.398
2015-08,3953.562,293.1861,308.1141,895.6122,,114.0581,10807.18,996.4111
2015-09,3811.816,285.4487,295.2861,902.5827,,114.0453,10599.05,1003.777
2015-10,4183.335,309.0222,317.5039,904.5084,,114.0314,11216.35,1052.233
2015-11,4334.86,310.6052,334.3501,904.6798,,114.0191,11180.97,1026.281
2015-12,4138.184,295.2527,316.7034,901.8712,,113.9967,10745.15,981.2185
2016-01,3878.863,277.1828,291.2106,919.5628,,113.9757,10886.53,1004.922
2016-02,3861.31,275.5832,294.0779,930.4983,,113.9536,10933.88,1102.05
2016-03,3943.334,297.5371,304.8889,934.2647,,113.923,11279.31,1094.719
2016-04,3999.409,297.6393,311.5619,931.649,,113.8921,11338.16,1089.417
2016-05,4111.655,294.7988,322.3301,936.8471,,113.86,11581.6,1129.099
2016-06,4084.625,307.2158,317.6941,958.1339,,113.8261,12204.21,1149.707
2016-07,4252.98,320.569,334.8745,960.4061,,113.7961,12311.37,1203.389
2016-08,4249.25,329.8633,334.7826,956.0981,,113.763,11794.77,1204.715
2016-09,4260.722,331.117,338.9042,954.2681,,113.7283,11984.5,1188.092
2016-10,4260.333,340.2632,332.8321,939.9675,,113.6965,12000.32,1157.107
2016-11,4447.97,335.4328,356.9121,922.8833,,113.6635,11739.2,1162.181
2016-12,4595.017,338.1018,368.6794,923.1593,,113.628,12276.61,1092.309
2017-01,4612.281,348.0409,369.6541,914.643,,113.5948,12147.3,1108.895
2017-02,4810.918,364.805,383.1433,921.9698,,113.5637,12731.99,1164.818
2017-03,4819.414,371.5835,382.5723,919.3969,,113.5269,12839.54,1151.523
2017-04,4783.83,372.9539,381.7356,924.225,,113.4942,12667.67,1157.939
2017-05,4758.343,371.8409,374.1921,927.567,,113.4602,12789.67,1109.531
2017-06,4696.705,370.2988,373.6514,922.4724,,113.4241,12461.0,1104.326
2017-07,4679.931,379.576,371.8598,922.9388,,113.3912,12325.03,1054.167
2017-08,4647.681,384.8113,368.5573,930.8674,,113.3542,12462.6,1084.411
2017-09,4759.643,385.4534,383.7134,923.2828,,113.3215,12376.42,1113.822
2017-10,4919.599,404.8735,394.8995,926.2873,,113.2876,12709.23,1099.427
2017-11,4936.691,396.3636,396.3423,927.1777,,113.2522,12747.7,1082.188
2017-12,4943.376,407.7026,397.4719,925.3491,,113.22,12397.45,1051.66
2018-01,5010.533,425.7458,396.2118,917.4003,,113.1858,11881.01,1069.01
2018-02,4898.516,414.8013,387.9294,916.0284,,113.1537,11522.42,1090.163
2018-03,4750.132,403.7125,384.7553,924.9937,,113.116,11587.9,1075.121
2018-04,4900.978,409.1285,396.0642,919.2645,,113.0827,12065.57,1105.009
2018-05,5091.878,408.4586,419.8384,919.4125,,113.0463,12509.57,1113.793
2018-06,5107.348,391.4046,419.9194,920.7719,,113.0133,12749.5,1099.302
2018-07,5231.863,399.148,422.2001,916.5521,,112.9791,13010.46,1055.321
2018-08,5335.238,390.5416,434.6228,915.6247,,112.9418,13031.95,1031.023
2018-09,5399.705,389.1378,431.1766,909.3242,,112.9099,13131.09,1035.308
2018-10,5117.267,364.1707,397.3025,907.4358,,112.8742,13143.94,1073.859
2018-11,5156.718,379.446,398.3977,911.5881,,112.8381,13545.73,1074.871
2018-12,4726.744,365.8718,358.6367,923.9611,,112.804,12762.77,1089.89
2019-01,5077.661,396.4155,394.2644,929.6914,,112.7672,13733.83,1124.43
2019-02,5263.333,400.3598,411.6372,926.6721,,112.735,14229.19,1156.329
2019-03,5418.372,409.4188,415.6351,942.3015,,112.7015,14838.64,1157.897
2019-04,5619.006,418.8398,429.2548,938.3195,,112.6659,14999.48,1146.769
2019-05,5326.598,390.6617,403.5683,952.9719,100.0,112.6292,14948.76,1151.419
2019-06,5563.343,406.1324,418.4394,963.9037,101.2008,112.5973,15135.33,1194.238
2019-07,5705.716,410.318,429.4861,969.2425,101.7928,112.5617,15423.38,1267.131
2019-08,5647.248,394.6185,419.1573,995.4153,103.9885,112.5255,15734.01,1358.099
2019-09,5845.287,406.2278,433.555,986.865,103.2237,112.4891,16234.98,1387.928
2019-10,5851.626,413.6996,434.9444,980.3617,102.8171,112.4413,15930.44,1340.147
2019-11,6108.796,418.02,456.0636,974.4456,102.4792,112.4006,16040.62,1338.569
2019-12,6150.668,441.2429,461.2658,965.9115,101.9758,112.3522,16296.51,1313.908
2020-01,6213.901,426.1028,455.8469,986.4155,103.7959,112.307,17069.83,1412.118
2020-02,5727.537,407.2158,416.7651,1000.78,104.9195,112.2674,15697.69,1454.954
2020-03,4979.064,344.872,330.7986,1000.196,102.836,112.2281,13695.59,1453.019
2020-04,5563.624,377.1235,378.0057,1007.783,104.4855,112.1817,14746.27,1547.38
2020-05,5696.219,374.1952,395.2739,1005.635,104.8539,112.1419,15033.3,1541.291
2020-06,5814.518,397.8392,403.2024,1007.924,105.4892,112.0989,14558.03,1546.9
2020-07,5758.438,411.6388,395.9909,1016.759,106.7171,112.0511,14255.89,1555.801
2020-08,6095.849,416.0062,415.3476,1005.783,105.8556,112.0089,14243.83,1648.267
2020-09,6002.173,417.467,414.3953,1012.928,106.2366,111.9652,14398.87,1641.795
2020-10,5823.03,428.9211,414.6829,1011.629,106.1873,111.9184,14287.54,1624.444
2020-11,6412.976,456.3101,467.182,1012.781,106.8263,111.8759,14878.73,1555.503
2020-12,6526.337,478.9053,489.6928,1012.889,106.9884,111.8261,14703.45,1512.473
2021-01,6533.351,497.1018,505.3782,1004.401,106.2657,111.7844,14658.53,1538.386
2021-02,6709.056,501.3579,531.2606,982.0183,104.4177,111.7428,14542.48,1491.77
2021-03,7166.411,509.9613,560.8043,993.157,103.7514,111.6908,16193.37,1465.44
2021-04,7278.328,510.2843,565.3559,980.618,103.9383,111.649,16207.68,1458.101
2021-05,7311.165,514.0683,564.575,975.0646,104.1074,111.6059,16129.74,1520.826
2021-06,7618.065,530.9122,580.8423,993.6344,104.6686,111.5614,16393.91,1543.728
2021-07,7749.962,495.2244,576.5562,1010.151,105.9596,111.5135,16617.69,1519.715
2021-08,7981.104,510.4902,593.4147,1008.767,105.6543,111.4687,17019.58,1507.495
2021-09,7818.191,499.2968,587.6259,1004.471,104.4863,111.4207,16593.37,1534.893
2021-10,8214.197,504.962,605.3869,1001.909,104.1055,111.3771,17490.93,1525.852
2021-11,8233.587,498.0032,590.2957,1029.835,104.8342,111.3318,17340.17,1601.896
2021-12,8613.539,502.1723,614.1294,1012.491,104.1909,111.2817,18632.04,1577.479
2022-01,8282.101,499.7864,576.3876,1005.155,102.2332,111.2375,18285.02,1628.509
2022-02,8041.64,483.898,575.4076,992.3614,100.6483,111.1949,18060.38,1657.554
2022-03,8335.271,477.4535,585.8571,966.806,98.01492,111.1447,19654.55,1754.642
2022-04,8049.627,475.556,568.8814,959.5977,94.72156,111.1,19689.99,1834.82
2022-05,7925.635,470.3819,558.5224,943.8285,94.39287,111.0537,19707.91,1726.718
2022-06,7466.303,449.9621,518.5549,936.2542,92.56991,111.0048,19152.18,1768.619
2022-07,8208.46,460.2141,576.2855,977.3082,95.03088,110.9665,20668.25,1703.648
2022-08,8021.014,468.6155,568.552,946.7087,91.90802,110.9665,20640.06,1764.133
2022-09,7463.461,424.6155,523.3997,921.6307,88.34755,111.0079,18665.56,1726.722
2022-10,7865.491,407.8103,556.0238,909.1077,87.71615,111.0742,18901.67,1681.084
2022-11,8037.814,449.5121,563.9823,912.6402,90.0636,111.2073,19455.54,1665.284
2022-12,7487.209,427.5799,529.8256,877.7443,88.60927,111.3713,18496.68,1685.175
2023-01,7893.386,453.3561,570.0092,889.79,90.68416,111.5559,18464.27,1750.263
2023-02,7858.889,434.1737,569.644,880.4017,88.74736,111.7593,17868.4,1745.371
2023-03,7911.01,436.6392,541.9329,892.6542,90.67578,112.031,17915.38,1759.677
2023-04,7971.982,424.8284,536.1424,882.0884,90.97725,112.3007,18051.39,1821.026
2023-05,8112.551,432.5419,535.7671,893.0998,90.29312,112.5965,17588.73,1862.611
2023-06,8458.289,438.7187,559.827,872.8114,89.9752,112.9291,17899.8,1789.737
2023-07,8617.909,461.1476,578.9313,865.269,89.8702,113.2467,18016.51,1769.273
2023-08,8532.037,439.5986,564.8086,866.9557,89.51141,113.6338,17280.08,1766.012
2023-09,8375.129,438.8577,549.0136,858.6335,87.59959,113.9851,16867.92,1808.037
2023-10,8112.973,422.5043,514.1143,850.009,86.80423,114.3643,16708.11,1802.415
2023-11,8620.306,442.0562,545.9382,864.537,89.8767,114.7702,17468.43,1816.648
2023-12,8946.121,453.7036,592.0118,891.5244,92.83147,115.1521,17976.47,1841.361
2024-01,9231.424,439.965,586.9383,891.6199,92.419,115.5354,17909.76,1876.909
2024-02,9632.592,462.6414,607.1347,881.7383,91.45081,115.9332,18057.86,1869.985
2024-03,9955.928,475.0493,631.6557,887.8328,92.22067,116.3194,18664.99,2000.135
2024-04,9669.297,481.9722,604.2387,871.1725,90.38077,116.7071,18430.94,2177.226
2024-05,9976.323,477.3946,623.9412,867.6558,91.11039,117.1218,19058.04,2166.049
2024-06,10319.1,502.6373,620.2074,878.5399,91.74985,117.4717,18779.61,2174.93
2024-07,10381.66,499.3113,655.1681,896.6482,93.50646,117.8514,19911.38,2210.9
2024-08,10407.12,496.0052,643.0152,897.1415,94.40518,118.2446,20190.73,2226.327
2024-09,10494.54,524.788,648.6718,904.6044,95.45643,118.5923,20482.35,2294.613
2024-10,10583.18,515.4903,649.4413,895.598,93.78939,118.965,20581.44,2471.171
2024-11,11404.16,510.8256,712.3585,923.9062,94.89254,119.2768,21943.48,2511.077
2024-12,11291.91,520.3217,681.0136,917.4935,93.68711,119.5994,20817.69,2541.732
2025-01,11685.89,527.5566,704.3423,917.6685,93.9469,119.9191,21038.0,2605.087
2025-02,11581.73,529.8831,679.8309,932.4352,95.17377,120.1784,21515.8,2780.117
2025-03,10652.72,513.3928,629.7818,904.1112,94.62215,120.429,21081.97,2761.217
2025-04,10220.09,494.2639,603.0669,889.8377,95.31921,120.6971,20209.17,2833.036
2025-05,10857.49,516.0313,639.9885,883.4091,94.83949,120.9164,20505.83,2899.735
2025-06,10957.83,529.0698,648.477,871.0452,95.56112,121.1206,20011.48,2859.948
2025-07,11364.58,553.1887,671.9762,875.8507,95.27744,121.3436,20560.4,2919.491
2025-08,11448.98,547.8628,693.7734,868.6106,95.68472,121.5402,20419.45,2888.365
2025-09,11733.48,584.8056,702.51,870.9656,96.29025,121.7439,20757.63,3122.838
2025-10,12162.15,620.2244,715.0943,883.2659,96.84989,121.9686,20857.49,3509.753
2025-11,12183.85,602.0794,726.5546,880.1948,96.93635,122.1598,21530.12,3532.104
2025-12,12090.0,612.7505,721.8213,869.4221,96.53348,122.3925,20752.43,3671.437
2026-01,12185.3,658.4737,751.975,865.4281,96.63741,122.5915,21301.04,3959.817
2026-02,12393.1,699.9249,788.9682,882.884,97.97166,122.7838,23444.49,4247.899
2026-03,11913.54,623.5521,747.7066,874.0367,95.78372,122.9904,23231.19,4229.222
2026-04,12828.66,702.5682,801.3545,867.3667,95.9148,123.2179,23661.41,4033.474
2026-05,13479.44,774.6504,835.8605,873.0816,96.40514,123.4112,23061.48,3942.377
2026-06,13676.36,779.5407,868.1324,883.8108,96.64198,123.6299,23813.18,3718.687
2026-07,13637.62,750.8218,840.7471,872.0946,95.35585,123.8872,23749.78,3548.191
2026-08,13855.15,768.7191,856.9403,866.4434,95.31766,124.1141,23150.57,3810.404
