,Cartera propuesta,60/40 global,100 % MSCI World,Cartera propuesta (neta de costes)
Rentabilidad anual (TAE),"6,0 %","6,5 %","9,0 %","5,0 %"
Volatilidad anual,"6,2 %","8,4 %","13,6 %","6,2 %"
Ratio de Sharpe,"0,81","0,67","0,63","0,66"
Ratio de Sortino,"1,24","1,01","0,95","0,99"
Caída máxima,"-18,5 %","-28,5 %","-48,8 %","-19,4 %"
Inicio caída máxima,2007-10,2007-05,2007-05,2007-10
Mínimo,2009-02,2009-02,2009-02,2009-02
Meses hasta recuperar,29,43,69,29
Peor año natural,"-14,6 %","-20,3 %","-37,3 %","-15,3 %"
Año del peor,2008,2008,2008,2008
Mejor año natural,"17,3 %","20,1 %","32,0 %","16,3 %"
Años en negativo,3 de 19,3 de 19,5 de 19,3 de 19
Peor mes,"-6,8 %","-8,4 %","-13,1 %","-6,9 %"
CVaR 95 % mensual,"-3,8 %","-5,3 %","-8,9 %","-3,9 %"
Peor rentabilidad anualizada a 5 años,"2,2 %","0,6 %","-2,9 %","1,3 %"
% de ventanas de 5 años en positivo,"100,0 %","100,0 %","92,7 %","100,0 %"
