cartera,rent_compuesta_LTCMA_%,volatilidad_LTCMA_%,gasto_central_€,gasto_90%_€,gasto_95%_€,gasto_90%_si_lesion_29_€,backtest_TAE_%,backtest_vol_%,backtest_caida_max_%,backtest_2022_%
Propuesta,5.22,6.57,752000.0,594000.0,558000.0,336000.0,6.0,6.2,-18.5,-9.4
"Propuesta (volatilidad prudente 7,6 %, como en la presentación)",5.22,7.6,752000.0,573000.0,534000.0,328000.0,,,,
Renta variable 30 %,4.93,5.41,712000.0,588000.0,559000.0,333000.0,5.3,5.1,-12.2,-9.5
Renta variable 50 %,5.49,7.8,789000.0,595000.0,553000.0,336000.0,6.7,7.4,-24.4,-9.2
Renta variable 60 %,5.74,9.08,827000.0,594000.0,546000.0,336000.0,7.3,8.7,-30.1,-9.1
Sin oro,5.04,6.61,728000.0,575000.0,541000.0,329000.0,5.1,6.4,-21.0,-11.3
Sin infraestructuras,5.24,7.21,755000.0,583000.0,545000.0,332000.0,6.1,6.5,-20.3,-10.3
Sin monetario,5.43,6.85,781000.0,610000.0,571000.0,342000.0,6.1,6.5,-18.4,-11.6
20/80,4.45,4.76,654000.0,555000.0,531000.0,320000.0,3.6,4.3,-14.8,-14.8
40/60,5.04,6.76,727000.0,572000.0,537000.0,327000.0,5.1,6.1,-16.8,-14.5
60/40,5.54,9.17,797000.0,572000.0,526000.0,328000.0,6.5,8.4,-28.5,-14.1
80/20,5.97,11.74,862000.0,562000.0,506000.0,325000.0,7.8,10.9,-39.0,-13.7
100 % renta variable,6.32,14.38,918000.0,543000.0,479000.0,320000.0,9.0,13.6,-48.8,-13.4
